{
  "last_node_id": 69,
  "last_link_id": 156,
  "nodes": [
    {
      "id": 11,
      "type": "DualCLIPLoader",
      "pos": [
        40,
        70
      ],
      "size": {
        "0": 210,
        "1": 106
      },
      "flags": {},
      "order": 0,
      "mode": 0,
      "outputs": [
        {
          "name": "CLIP",
          "type": "CLIP",
          "links": [
            10
          ],
          "shape": 3,
          "slot_index": 0
        }
      ],
      "properties": {
        "Node name for S&R": "DualCLIPLoader"
      },
      "widgets_values": [
        "t5xxl_fp16.safetensors",
        "clip_l.safetensors",
        "flux"
      ]
    },
    {
      "id": 49,
      "type": "Reroute",
      "pos": [
        1200,
        590
      ],
      "size": [
        75,
        26
      ],
      "flags": {},
      "order": 8,
      "mode": 0,
      "inputs": [
        {
          "name": "",
          "type": "*",
          "link": 100
        }
      ],
      "outputs": [
        {
          "name": "",
          "type": "LATENT",
          "links": [
            101,
            106
          ],
          "slot_index": 0
        }
      ],
      "properties": {
        "showOutputText": false,
        "horizontal": false
      }
    },
    {
      "id": 12,
      "type": "UNETLoader",
      "pos": [
        290,
        330
      ],
      "size": {
        "0": 229.8605194091797,
        "1": 82
      },
      "flags": {},
      "order": 1,
      "mode": 0,
      "outputs": [
        {
          "name": "MODEL",
          "type": "MODEL",
          "links": [
            85
          ],
          "shape": 3,
          "slot_index": 0
        }
      ],
      "properties": {
        "Node name for S&R": "UNETLoader"
      },
      "widgets_values": [
        "flux1-dev.sft",
        "default"
      ]
    },
    {
      "id": 16,
      "type": "KSamplerSelect",
      "pos": [
        1060,
        330
      ],
      "size": {
        "0": 219.2825164794922,
        "1": 58
      },
      "flags": {},
      "order": 2,
      "mode": 0,
      "outputs": [
        {
          "name": "SAMPLER",
          "type": "SAMPLER",
          "links": [
            19,
            104,
            111
          ],
          "shape": 3
        }
      ],
      "properties": {
        "Node name for S&R": "KSamplerSelect"
      },
      "widgets_values": [
        "euler"
      ]
    },
    {
      "id": 22,
      "type": "BasicGuider",
      "pos": [
        1100,
        210
      ],
      "size": {
        "0": 161.1999969482422,
        "1": 46
      },
      "flags": {},
      "order": 13,
      "mode": 0,
      "inputs": [
        {
          "name": "model",
          "type": "MODEL",
          "link": 84,
          "slot_index": 0
        },
        {
          "name": "conditioning",
          "type": "CONDITIONING",
          "link": 43,
          "slot_index": 1
        }
      ],
      "outputs": [
        {
          "name": "GUIDER",
          "type": "GUIDER",
          "links": [
            30,
            103
          ],
          "shape": 3,
          "slot_index": 0
        }
      ],
      "properties": {
        "Node name for S&R": "BasicGuider"
      }
    },
    {
      "id": 48,
      "type": "SDXLEmptyLatentSizePicker+",
      "pos": [
        260,
        470
      ],
      "size": {
        "0": 268.79998779296875,
        "1": 170
      },
      "flags": {},
      "order": 3,
      "mode": 0,
      "outputs": [
        {
          "name": "LATENT",
          "type": "LATENT",
          "links": [
            100
          ],
          "shape": 3,
          "slot_index": 0
        },
        {
          "name": "width",
          "type": "INT",
          "links": [
            98
          ],
          "shape": 3,
          "slot_index": 1
        },
        {
          "name": "height",
          "type": "INT",
          "links": [
            99
          ],
          "shape": 3,
          "slot_index": 2
        }
      ],
      "properties": {
        "Node name for S&R": "SDXLEmptyLatentSizePicker+"
      },
      "widgets_values": [
        "1216x832 (1.46)",
        1,
        0,
        0
      ]
    },
    {
      "id": 8,
      "type": "VAEDecode",
      "pos": [
        1510,
        710
      ],
      "size": {
        "0": 140,
        "1": 46
      },
      "flags": {},
      "order": 18,
      "mode": 0,
      "inputs": [
        {
          "name": "samples",
          "type": "LATENT",
          "link": 126
        },
        {
          "name": "vae",
          "type": "VAE",
          "link": 12
        }
      ],
      "outputs": [
        {
          "name": "IMAGE",
          "type": "IMAGE",
          "links": [
            96
          ],
          "slot_index": 0
        }
      ],
      "properties": {
        "Node name for S&R": "VAEDecode"
      }
    },
    {
      "id": 17,
      "type": "BasicScheduler",
      "pos": [
        1070,
        450
      ],
      "size": {
        "0": 210,
        "1": 106
      },
      "flags": {},
      "order": 12,
      "mode": 0,
      "inputs": [
        {
          "name": "model",
          "type": "MODEL",
          "link": 71,
          "slot_index": 0
        }
      ],
      "outputs": [
        {
          "name": "SIGMAS",
          "type": "SIGMAS",
          "links": [
            83,
            107
          ],
          "shape": 3,
          "slot_index": 0
        }
      ],
      "properties": {
        "Node name for S&R": "BasicScheduler"
      },
      "widgets_values": [
        "beta",
        20,
        1
      ]
    },
    {
      "id": 52,
      "type": "SamplerCustomAdvanced",
      "pos": [
        2569,
        270
      ],
      "size": {
        "0": 236.8000030517578,
        "1": 106
      },
      "flags": {},
      "order": 21,
      "mode": 0,
      "inputs": [
        {
          "name": "noise",
          "type": "NOISE",
          "link": 117,
          "slot_index": 0
        },
        {
          "name": "guider",
          "type": "GUIDER",
          "link": 153,
          "slot_index": 1
        },
        {
          "name": "sampler",
          "type": "SAMPLER",
          "link": 111,
          "slot_index": 2
        },
        {
          "name": "sigmas",
          "type": "SIGMAS",
          "link": 121,
          "slot_index": 3
        },
        {
          "name": "latent_image",
          "type": "LATENT",
          "link": 116,
          "slot_index": 4
        }
      ],
      "outputs": [
        {
          "name": "output",
          "type": "LATENT",
          "links": [],
          "shape": 3,
          "slot_index": 0
        },
        {
          "name": "denoised_output",
          "type": "LATENT",
          "links": [
            142
          ],
          "shape": 3,
          "slot_index": 1
        }
      ],
      "properties": {
        "Node name for S&R": "SamplerCustomAdvanced"
      }
    },
    {
      "id": 55,
      "type": "VAEDecode",
      "pos": [
        2870,
        286
      ],
      "size": {
        "0": 140,
        "1": 46
      },
      "flags": {},
      "order": 22,
      "mode": 0,
      "inputs": [
        {
          "name": "samples",
          "type": "LATENT",
          "link": 142
        },
        {
          "name": "vae",
          "type": "VAE",
          "link": 118
        }
      ],
      "outputs": [
        {
          "name": "IMAGE",
          "type": "IMAGE",
          "links": [
            119
          ],
          "slot_index": 0
        }
      ],
      "properties": {
        "Node name for S&R": "VAEDecode"
      }
    },
    {
      "id": 51,
      "type": "SplitSigmasDenoise",
      "pos": [
        1642,
        490
      ],
      "size": {
        "0": 210,
        "1": 78
      },
      "flags": {},
      "order": 15,
      "mode": 0,
      "inputs": [
        {
          "name": "sigmas",
          "type": "SIGMAS",
          "link": 107
        }
      ],
      "outputs": [
        {
          "name": "high_sigmas",
          "type": "SIGMAS",
          "links": [
            108
          ],
          "shape": 3,
          "slot_index": 0
        },
        {
          "name": "low_sigmas",
          "type": "SIGMAS",
          "links": [
            121
          ],
          "shape": 3,
          "slot_index": 1
        }
      ],
      "properties": {
        "Node name for S&R": "SplitSigmasDenoise"
      },
      "widgets_values": [
        0.45
      ]
    },
    {
      "id": 50,
      "type": "SamplerCustomAdvanced",
      "pos": [
        1977,
        419
      ],
      "size": {
        "0": 236.8000030517578,
        "1": 106
      },
      "flags": {},
      "order": 17,
      "mode": 0,
      "inputs": [
        {
          "name": "noise",
          "type": "NOISE",
          "link": 102,
          "slot_index": 0
        },
        {
          "name": "guider",
          "type": "GUIDER",
          "link": 103,
          "slot_index": 1
        },
        {
          "name": "sampler",
          "type": "SAMPLER",
          "link": 104,
          "slot_index": 2
        },
        {
          "name": "sigmas",
          "type": "SIGMAS",
          "link": 108,
          "slot_index": 3
        },
        {
          "name": "latent_image",
          "type": "LATENT",
          "link": 106,
          "slot_index": 4
        }
      ],
      "outputs": [
        {
          "name": "output",
          "type": "LATENT",
          "links": [
            125
          ],
          "shape": 3,
          "slot_index": 0
        },
        {
          "name": "denoised_output",
          "type": "LATENT",
          "links": [],
          "shape": 3,
          "slot_index": 1
        }
      ],
      "properties": {
        "Node name for S&R": "SamplerCustomAdvanced"
      }
    },
    {
      "id": 56,
      "type": "PreviewImage",
      "pos": [
        3089,
        698
      ],
      "size": {
        "0": 1284.406982421875,
        "1": 918.9984130859375
      },
      "flags": {},
      "order": 23,
      "mode": 0,
      "inputs": [
        {
          "name": "images",
          "type": "IMAGE",
          "link": 119
        }
      ],
      "properties": {
        "Node name for S&R": "PreviewImage"
      }
    },
    {
      "id": 26,
      "type": "PreviewImage",
      "pos": [
        1760,
        702
      ],
      "size": {
        "0": 1285.763427734375,
        "1": 927.3041381835938
      },
      "flags": {},
      "order": 20,
      "mode": 0,
      "inputs": [
        {
          "name": "images",
          "type": "IMAGE",
          "link": 96
        }
      ],
      "properties": {
        "Node name for S&R": "PreviewImage"
      }
    },
    {
      "id": 10,
      "type": "VAELoader",
      "pos": [
        975,
        731
      ],
      "size": {
        "0": 210,
        "1": 58
      },
      "flags": {},
      "order": 4,
      "mode": 0,
      "outputs": [
        {
          "name": "VAE",
          "type": "VAE",
          "links": [
            12,
            118
          ],
          "shape": 3,
          "slot_index": 0
        }
      ],
      "properties": {
        "Node name for S&R": "VAELoader"
      },
      "widgets_values": [
        "ae.sft"
      ]
    },
    {
      "id": 13,
      "type": "SamplerCustomAdvanced",
      "pos": [
        1349,
        213
      ],
      "size": {
        "0": 236.8000030517578,
        "1": 106
      },
      "flags": {},
      "order": 16,
      "mode": 0,
      "inputs": [
        {
          "name": "noise",
          "type": "NOISE",
          "link": 37,
          "slot_index": 0
        },
        {
          "name": "guider",
          "type": "GUIDER",
          "link": 30,
          "slot_index": 1
        },
        {
          "name": "sampler",
          "type": "SAMPLER",
          "link": 19,
          "slot_index": 2
        },
        {
          "name": "sigmas",
          "type": "SIGMAS",
          "link": 83,
          "slot_index": 3
        },
        {
          "name": "latent_image",
          "type": "LATENT",
          "link": 101,
          "slot_index": 4
        }
      ],
      "outputs": [
        {
          "name": "output",
          "type": "LATENT",
          "links": [],
          "shape": 3,
          "slot_index": 0
        },
        {
          "name": "denoised_output",
          "type": "LATENT",
          "links": [
            126
          ],
          "shape": 3,
          "slot_index": 1
        }
      ],
      "properties": {
        "Node name for S&R": "SamplerCustomAdvanced"
      }
    },
    {
      "id": 28,
      "type": "ModelSamplingFlux",
      "pos": [
        750,
        330
      ],
      "size": {
        "0": 210,
        "1": 122
      },
      "flags": {},
      "order": 9,
      "mode": 0,
      "inputs": [
        {
          "name": "model",
          "type": "MODEL",
          "link": 85
        },
        {
          "name": "width",
          "type": "INT",
          "link": 98,
          "widget": {
            "name": "width"
          }
        },
        {
          "name": "height",
          "type": "INT",
          "link": 99,
          "widget": {
            "name": "height"
          }
        }
      ],
      "outputs": [
        {
          "name": "MODEL",
          "type": "MODEL",
          "links": [
            71,
            84,
            152
          ],
          "shape": 3,
          "slot_index": 0
        }
      ],
      "properties": {
        "Node name for S&R": "ModelSamplingFlux"
      },
      "widgets_values": [
        1.2,
        0.8,
        1024,
        1024
      ]
    },
    {
      "id": 68,
      "type": "BasicGuider",
      "pos": [
        2085,
        258
      ],
      "size": {
        "0": 161.1999969482422,
        "1": 46
      },
      "flags": {},
      "order": 14,
      "mode": 0,
      "inputs": [
        {
          "name": "model",
          "type": "MODEL",
          "link": 152,
          "slot_index": 0
        },
        {
          "name": "conditioning",
          "type": "CONDITIONING",
          "link": 151,
          "slot_index": 1
        }
      ],
      "outputs": [
        {
          "name": "GUIDER",
          "type": "GUIDER",
          "links": [
            153
          ],
          "shape": 3,
          "slot_index": 0
        }
      ],
      "properties": {
        "Node name for S&R": "BasicGuider"
      }
    },
    {
      "id": 29,
      "type": "FluxGuidance",
      "pos": [
        760,
        140
      ],
      "size": {
        "0": 211.60000610351562,
        "1": 58
      },
      "flags": {},
      "order": 10,
      "mode": 0,
      "inputs": [
        {
          "name": "conditioning",
          "type": "CONDITIONING",
          "link": 42
        }
      ],
      "outputs": [
        {
          "name": "CONDITIONING",
          "type": "CONDITIONING",
          "links": [
            43
          ],
          "shape": 3,
          "slot_index": 0
        }
      ],
      "properties": {
        "Node name for S&R": "FluxGuidance"
      },
      "widgets_values": [
        4
      ]
    },
    {
      "id": 69,
      "type": "FluxGuidance",
      "pos": [
        1815,
        164
      ],
      "size": {
        "0": 211.60000610351562,
        "1": 58
      },
      "flags": {},
      "order": 11,
      "mode": 0,
      "inputs": [
        {
          "name": "conditioning",
          "type": "CONDITIONING",
          "link": 150
        }
      ],
      "outputs": [
        {
          "name": "CONDITIONING",
          "type": "CONDITIONING",
          "links": [
            151
          ],
          "shape": 3,
          "slot_index": 0
        }
      ],
      "properties": {
        "Node name for S&R": "FluxGuidance"
      },
      "widgets_values": [
        2.8000000000000003
      ]
    },
    {
      "id": 6,
      "type": "CLIPTextEncode",
      "pos": [
        320,
        70
      ],
      "size": {
        "0": 366.7709045410156,
        "1": 201.41677856445312
      },
      "flags": {},
      "order": 7,
      "mode": 0,
      "inputs": [
        {
          "name": "clip",
          "type": "CLIP",
          "link": 10
        }
      ],
      "outputs": [
        {
          "name": "CONDITIONING",
          "type": "CONDITIONING",
          "links": [
            42,
            150
          ],
          "slot_index": 0
        }
      ],
      "properties": {
        "Node name for S&R": "CLIPTextEncode"
      },
      "widgets_values": [
        "a behind the scene analog photo of a scene from Star Wars. the photo shows various pieces of equipment, lights, cameras. The director, George Lucas in casual clothing, is talking to Harrison Ford dressed as Jedi and giving him direction for the next scene.\n\nIn background the interior of the Millennium Falcon with Carrie Fisher dressed as Leya slave waiting for the next scene to start.\n\nfilm grain, kodak, candid photo, authentic"
      ]
    },
    {
      "id": 25,
      "type": "RandomNoise",
      "pos": [
        1060,
        60
      ],
      "size": {
        "0": 210,
        "1": 82
      },
      "flags": {},
      "order": 5,
      "mode": 0,
      "outputs": [
        {
          "name": "NOISE",
          "type": "NOISE",
          "links": [
            37,
            102
          ],
          "shape": 3
        }
      ],
      "properties": {
        "Node name for S&R": "RandomNoise"
      },
      "widgets_values": [
        29,
        "fixed"
      ]
    },
    {
      "id": 54,
      "type": "DisableNoise",
      "pos": [
        2286,
        212
      ],
      "size": {
        "0": 210,
        "1": 26
      },
      "flags": {},
      "order": 6,
      "mode": 0,
      "outputs": [
        {
          "name": "NOISE",
          "type": "NOISE",
          "links": [
            117
          ],
          "shape": 3
        }
      ],
      "properties": {
        "Node name for S&R": "DisableNoise"
      }
    },
    {
      "id": 53,
      "type": "InjectLatentNoise+",
      "pos": [
        2295,
        410
      ],
      "size": {
        "0": 210,
        "1": 106
      },
      "flags": {},
      "order": 19,
      "mode": 0,
      "inputs": [
        {
          "name": "latent",
          "type": "LATENT",
          "link": 125
        }
      ],
      "outputs": [
        {
          "name": "LATENT",
          "type": "LATENT",
          "links": [
            116
          ],
          "shape": 3,
          "slot_index": 0
        }
      ],
      "properties": {
        "Node name for S&R": "InjectLatentNoise+"
      },
      "widgets_values": [
        5,
        "fixed",
        3
      ]
    }
  ],
  "links": [
    [
      10,
      11,
      0,
      6,
      0,
      "CLIP"
    ],
    [
      12,
      10,
      0,
      8,
      1,
      "VAE"
    ],
    [
      19,
      16,
      0,
      13,
      2,
      "SAMPLER"
    ],
    [
      30,
      22,
      0,
      13,
      1,
      "GUIDER"
    ],
    [
      37,
      25,
      0,
      13,
      0,
      "NOISE"
    ],
    [
      42,
      6,
      0,
      29,
      0,
      "CONDITIONING"
    ],
    [
      43,
      29,
      0,
      22,
      1,
      "CONDITIONING"
    ],
    [
      71,
      28,
      0,
      17,
      0,
      "MODEL"
    ],
    [
      83,
      17,
      0,
      13,
      3,
      "SIGMAS"
    ],
    [
      84,
      28,
      0,
      22,
      0,
      "MODEL"
    ],
    [
      85,
      12,
      0,
      28,
      0,
      "MODEL"
    ],
    [
      96,
      8,
      0,
      26,
      0,
      "IMAGE"
    ],
    [
      98,
      48,
      1,
      28,
      1,
      "INT"
    ],
    [
      99,
      48,
      2,
      28,
      2,
      "INT"
    ],
    [
      100,
      48,
      0,
      49,
      0,
      "*"
    ],
    [
      101,
      49,
      0,
      13,
      4,
      "LATENT"
    ],
    [
      102,
      25,
      0,
      50,
      0,
      "NOISE"
    ],
    [
      103,
      22,
      0,
      50,
      1,
      "GUIDER"
    ],
    [
      104,
      16,
      0,
      50,
      2,
      "SAMPLER"
    ],
    [
      106,
      49,
      0,
      50,
      4,
      "LATENT"
    ],
    [
      107,
      17,
      0,
      51,
      0,
      "SIGMAS"
    ],
    [
      108,
      51,
      0,
      50,
      3,
      "SIGMAS"
    ],
    [
      111,
      16,
      0,
      52,
      2,
      "SAMPLER"
    ],
    [
      116,
      53,
      0,
      52,
      4,
      "LATENT"
    ],
    [
      117,
      54,
      0,
      52,
      0,
      "NOISE"
    ],
    [
      118,
      10,
      0,
      55,
      1,
      "VAE"
    ],
    [
      119,
      55,
      0,
      56,
      0,
      "IMAGE"
    ],
    [
      121,
      51,
      1,
      52,
      3,
      "SIGMAS"
    ],
    [
      125,
      50,
      0,
      53,
      0,
      "LATENT"
    ],
    [
      126,
      13,
      1,
      8,
      0,
      "LATENT"
    ],
    [
      142,
      52,
      1,
      55,
      0,
      "LATENT"
    ],
    [
      150,
      6,
      0,
      69,
      0,
      "CONDITIONING"
    ],
    [
      151,
      69,
      0,
      68,
      1,
      "CONDITIONING"
    ],
    [
      152,
      28,
      0,
      68,
      0,
      "MODEL"
    ],
    [
      153,
      68,
      0,
      52,
      1,
      "GUIDER"
    ]
  ],
  "groups": [],
  "config": {},
  "extra": {
    "ds": {
      "scale": 0.4736244074477346,
      "offset": [
        -480.3384338677034,
        347.22251081969154
      ]
    },
    "groupNodes": {
      "test": {
        "nodes": [
          {
            "type": "PrimitiveNode",
            "pos": [
              88,
              617
            ],
            "size": {
              "0": 210,
              "1": 82
            },
            "flags": {},
            "order": 5,
            "mode": 0,
            "outputs": [
              {
                "name": "INT",
                "type": "INT",
                "links": [],
                "widget": {
                  "name": "width"
                }
              }
            ],
            "title": "width",
            "properties": {
              "Run widget replace on values": false
            },
            "index": 0
          },
          {
            "type": "PrimitiveNode",
            "pos": [
              87,
              745
            ],
            "size": {
              "0": 210,
              "1": 82
            },
            "flags": {},
            "order": 6,
            "mode": 0,
            "outputs": [
              {
                "name": "INT",
                "type": "INT",
                "links": [],
                "widget": {
                  "name": "height"
                }
              }
            ],
            "title": "height",
            "properties": {
              "Run widget replace on values": false
            },
            "index": 1
          },
          {
            "type": "EmptyLatentImage",
            "pos": [
              402,
              596
            ],
            "size": {
              "0": 315,
              "1": 106
            },
            "flags": {},
            "order": 9,
            "mode": 0,
            "inputs": [
              {
                "name": "width",
                "type": "INT",
                "link": null,
                "widget": {
                  "name": "width"
                },
                "slot_index": 0
              },
              {
                "name": "height",
                "type": "INT",
                "link": null,
                "widget": {
                  "name": "height"
                },
                "slot_index": 1
              }
            ],
            "outputs": [
              {
                "name": "LATENT",
                "type": "LATENT",
                "links": [],
                "slot_index": 0
              }
            ],
            "properties": {
              "Node name for S&R": "EmptyLatentImage"
            },
            "widgets_values": [
              1024,
              1024,
              1
            ],
            "index": 2
          }
        ],
        "links": [
          [
            0,
            0,
            2,
            0,
            32,
            "INT"
          ],
          [
            1,
            0,
            2,
            1,
            33,
            "INT"
          ]
        ],
        "external": [
          [
            2,
            0,
            "LATENT"
          ]
        ]
      }
    }
  },
  "version": 0.4
}