{
  "last_node_id": 50,
  "last_link_id": 94,
  "nodes": [
    {
      "id": 11,
      "type": "DualCLIPLoader",
      "pos": [
        -538,
        10
      ],
      "size": {
        "0": 315,
        "1": 106
      },
      "flags": {},
      "order": 0,
      "mode": 0,
      "outputs": [
        {
          "name": "CLIP",
          "type": "CLIP",
          "links": [
            58,
            87
          ],
          "shape": 3,
          "slot_index": 0
        }
      ],
      "properties": {
        "Node name for S&R": "DualCLIPLoader"
      },
      "widgets_values": [
        "t5xxl_fp16.safetensors",
        "clip_l.safetensors",
        "flux"
      ]
    },
    {
      "id": 35,
      "type": "EmptyLatentImage",
      "pos": [
        342,
        187
      ],
      "size": {
        "0": 241.8563232421875,
        "1": 106
      },
      "flags": {},
      "order": 1,
      "mode": 0,
      "outputs": [
        {
          "name": "LATENT",
          "type": "LATENT",
          "links": [
            67
          ],
          "shape": 3,
          "slot_index": 0
        }
      ],
      "properties": {
        "Node name for S&R": "EmptyLatentImage"
      },
      "widgets_values": [
        864,
        1200,
        1
      ]
    },
    {
      "id": 26,
      "type": "PreviewImage",
      "pos": [
        1312,
        58
      ],
      "size": {
        "0": 938.2090454101562,
        "1": 1303.943603515625
      },
      "flags": {},
      "order": 18,
      "mode": 0,
      "inputs": [
        {
          "name": "images",
          "type": "IMAGE",
          "link": 41
        }
      ],
      "properties": {
        "Node name for S&R": "PreviewImage"
      }
    },
    {
      "id": 16,
      "type": "KSamplerSelect",
      "pos": [
        347,
        497
      ],
      "size": {
        "0": 315,
        "1": 58
      },
      "flags": {},
      "order": 2,
      "mode": 0,
      "outputs": [
        {
          "name": "SAMPLER",
          "type": "SAMPLER",
          "links": [
            19,
            78
          ],
          "shape": 3
        }
      ],
      "properties": {
        "Node name for S&R": "KSamplerSelect"
      },
      "widgets_values": [
        "dpmpp_2m"
      ]
    },
    {
      "id": 12,
      "type": "UNETLoader",
      "pos": [
        -164,
        -149
      ],
      "size": {
        "0": 315,
        "1": 82
      },
      "flags": {},
      "order": 3,
      "mode": 0,
      "outputs": [
        {
          "name": "MODEL",
          "type": "MODEL",
          "links": [
            74,
            75,
            82,
            85
          ],
          "shape": 3,
          "slot_index": 0
        }
      ],
      "properties": {
        "Node name for S&R": "UNETLoader"
      },
      "widgets_values": [
        "flux1-dev.sft",
        "default"
      ]
    },
    {
      "id": 28,
      "type": "SplitSigmas",
      "pos": [
        640,
        -92
      ],
      "size": {
        "0": 210,
        "1": 78
      },
      "flags": {},
      "order": 13,
      "mode": 0,
      "inputs": [
        {
          "name": "sigmas",
          "type": "SIGMAS",
          "link": 42
        }
      ],
      "outputs": [
        {
          "name": "high_sigmas",
          "type": "SIGMAS",
          "links": [],
          "shape": 3,
          "slot_index": 0
        },
        {
          "name": "low_sigmas",
          "type": "SIGMAS",
          "links": [
            54
          ],
          "shape": 3,
          "slot_index": 1
        }
      ],
      "properties": {
        "Node name for S&R": "SplitSigmas"
      },
      "widgets_values": [
        1
      ]
    },
    {
      "id": 17,
      "type": "BasicScheduler",
      "pos": [
        346,
        3
      ],
      "size": {
        "0": 222.80328369140625,
        "1": 106
      },
      "flags": {},
      "order": 9,
      "mode": 0,
      "inputs": [
        {
          "name": "model",
          "type": "MODEL",
          "link": 75,
          "slot_index": 0
        }
      ],
      "outputs": [
        {
          "name": "SIGMAS",
          "type": "SIGMAS",
          "links": [
            42
          ],
          "shape": 3,
          "slot_index": 0
        }
      ],
      "properties": {
        "Node name for S&R": "BasicScheduler"
      },
      "widgets_values": [
        "simple",
        20,
        1
      ]
    },
    {
      "id": 33,
      "type": "CLIPTextEncodeFlux",
      "pos": [
        -150,
        30
      ],
      "size": {
        "0": 335.01458740234375,
        "1": 327.5003662109375
      },
      "flags": {},
      "order": 7,
      "mode": 0,
      "inputs": [
        {
          "name": "clip",
          "type": "CLIP",
          "link": 58
        }
      ],
      "outputs": [
        {
          "name": "CONDITIONING",
          "type": "CONDITIONING",
          "links": [
            59
          ],
          "shape": 3,
          "slot_index": 0
        }
      ],
      "properties": {
        "Node name for S&R": "CLIPTextEncodeFlux"
      },
      "widgets_values": [
        "digital illustration of a wet mermaid leaning on a rock on stormy waters near a cliff. the lower body is of an iridescent fish the upper of a beautiful woman",
        "digital illustration of a wet mermaid leaning on a rock on stormy waters near a cliff. the lower body is of an iridescent fish the upper of a beautiful woman",
        4.5
      ]
    },
    {
      "id": 22,
      "type": "BasicGuider",
      "pos": [
        330,
        -110
      ],
      "size": {
        "0": 241.79998779296875,
        "1": 46
      },
      "flags": {},
      "order": 11,
      "mode": 0,
      "inputs": [
        {
          "name": "model",
          "type": "MODEL",
          "link": 74,
          "slot_index": 0
        },
        {
          "name": "conditioning",
          "type": "CONDITIONING",
          "link": 59,
          "slot_index": 1
        }
      ],
      "outputs": [
        {
          "name": "GUIDER",
          "type": "GUIDER",
          "links": [
            30
          ],
          "shape": 3,
          "slot_index": 0
        }
      ],
      "properties": {
        "Node name for S&R": "BasicGuider"
      }
    },
    {
      "id": 48,
      "type": "VAEDecode",
      "pos": [
        2243.4838612897433,
        -406.93028649431267
      ],
      "size": {
        "0": 140,
        "1": 46
      },
      "flags": {},
      "order": 17,
      "mode": 0,
      "inputs": [
        {
          "name": "samples",
          "type": "LATENT",
          "link": 94
        },
        {
          "name": "vae",
          "type": "VAE",
          "link": 89
        }
      ],
      "outputs": [
        {
          "name": "IMAGE",
          "type": "IMAGE",
          "links": [
            92
          ],
          "slot_index": 0
        }
      ],
      "properties": {
        "Node name for S&R": "VAEDecode"
      }
    },
    {
      "id": 25,
      "type": "RandomNoise",
      "pos": [
        346,
        365
      ],
      "size": {
        "0": 315,
        "1": 82
      },
      "flags": {},
      "order": 4,
      "mode": 0,
      "outputs": [
        {
          "name": "NOISE",
          "type": "NOISE",
          "links": [
            37
          ],
          "shape": 3
        }
      ],
      "properties": {
        "Node name for S&R": "RandomNoise"
      },
      "widgets_values": [
        15,
        "fixed"
      ]
    },
    {
      "id": 50,
      "type": "PreviewImage",
      "pos": [
        2282,
        56
      ],
      "size": {
        "0": 936.986083984375,
        "1": 1306.385986328125
      },
      "flags": {},
      "order": 19,
      "mode": 0,
      "inputs": [
        {
          "name": "images",
          "type": "IMAGE",
          "link": 92
        }
      ],
      "properties": {
        "Node name for S&R": "PreviewImage"
      }
    },
    {
      "id": 44,
      "type": "BasicScheduler",
      "pos": [
        1406,
        -390
      ],
      "size": {
        "0": 222.80328369140625,
        "1": 106
      },
      "flags": {},
      "order": 10,
      "mode": 0,
      "inputs": [
        {
          "name": "model",
          "type": "MODEL",
          "link": 82,
          "slot_index": 0
        }
      ],
      "outputs": [
        {
          "name": "SIGMAS",
          "type": "SIGMAS",
          "links": [
            83
          ],
          "shape": 3,
          "slot_index": 0
        }
      ],
      "properties": {
        "Node name for S&R": "BasicScheduler"
      },
      "widgets_values": [
        "simple",
        22,
        0.75
      ]
    },
    {
      "id": 46,
      "type": "BasicGuider",
      "pos": [
        1387,
        -503
      ],
      "size": {
        "0": 241.79998779296875,
        "1": 46
      },
      "flags": {},
      "order": 12,
      "mode": 0,
      "inputs": [
        {
          "name": "model",
          "type": "MODEL",
          "link": 85,
          "slot_index": 0
        },
        {
          "name": "conditioning",
          "type": "CONDITIONING",
          "link": 86,
          "slot_index": 1
        }
      ],
      "outputs": [
        {
          "name": "GUIDER",
          "type": "GUIDER",
          "links": [
            88
          ],
          "shape": 3,
          "slot_index": 0
        }
      ],
      "properties": {
        "Node name for S&R": "BasicGuider"
      }
    },
    {
      "id": 45,
      "type": "RandomNoise",
      "pos": [
        1308,
        -648
      ],
      "size": {
        "0": 315,
        "1": 82
      },
      "flags": {},
      "order": 5,
      "mode": 0,
      "outputs": [
        {
          "name": "NOISE",
          "type": "NOISE",
          "links": [
            84
          ],
          "shape": 3,
          "slot_index": 0
        }
      ],
      "properties": {
        "Node name for S&R": "RandomNoise"
      },
      "widgets_values": [
        935,
        "fixed"
      ]
    },
    {
      "id": 10,
      "type": "VAELoader",
      "pos": [
        932,
        86
      ],
      "size": {
        "0": 210,
        "1": 58
      },
      "flags": {},
      "order": 6,
      "mode": 0,
      "outputs": [
        {
          "name": "VAE",
          "type": "VAE",
          "links": [
            12,
            89
          ],
          "shape": 3,
          "slot_index": 0
        }
      ],
      "properties": {
        "Node name for S&R": "VAELoader"
      },
      "widgets_values": [
        "ae.sft"
      ]
    },
    {
      "id": 8,
      "type": "VAEDecode",
      "pos": [
        1326,
        -86
      ],
      "size": {
        "0": 140,
        "1": 46
      },
      "flags": {},
      "order": 16,
      "mode": 0,
      "inputs": [
        {
          "name": "samples",
          "type": "LATENT",
          "link": 93
        },
        {
          "name": "vae",
          "type": "VAE",
          "link": 12
        }
      ],
      "outputs": [
        {
          "name": "IMAGE",
          "type": "IMAGE",
          "links": [
            41
          ],
          "slot_index": 0
        }
      ],
      "properties": {
        "Node name for S&R": "VAEDecode"
      }
    },
    {
      "id": 13,
      "type": "SamplerCustomAdvanced",
      "pos": [
        961,
        -132
      ],
      "size": {
        "0": 266.6502990722656,
        "1": 106
      },
      "flags": {},
      "order": 14,
      "mode": 0,
      "inputs": [
        {
          "name": "noise",
          "type": "NOISE",
          "link": 37,
          "slot_index": 0
        },
        {
          "name": "guider",
          "type": "GUIDER",
          "link": 30,
          "slot_index": 1
        },
        {
          "name": "sampler",
          "type": "SAMPLER",
          "link": 19,
          "slot_index": 2
        },
        {
          "name": "sigmas",
          "type": "SIGMAS",
          "link": 54,
          "slot_index": 3
        },
        {
          "name": "latent_image",
          "type": "LATENT",
          "link": 67,
          "slot_index": 4
        }
      ],
      "outputs": [
        {
          "name": "output",
          "type": "LATENT",
          "links": [
            81
          ],
          "shape": 3,
          "slot_index": 0
        },
        {
          "name": "denoised_output",
          "type": "LATENT",
          "links": [
            93
          ],
          "shape": 3,
          "slot_index": 1
        }
      ],
      "properties": {
        "Node name for S&R": "SamplerCustomAdvanced"
      }
    },
    {
      "id": 43,
      "type": "SamplerCustomAdvanced",
      "pos": [
        1846,
        -457
      ],
      "size": {
        "0": 266.6502990722656,
        "1": 106
      },
      "flags": {},
      "order": 15,
      "mode": 0,
      "inputs": [
        {
          "name": "noise",
          "type": "NOISE",
          "link": 84,
          "slot_index": 0
        },
        {
          "name": "guider",
          "type": "GUIDER",
          "link": 88,
          "slot_index": 1
        },
        {
          "name": "sampler",
          "type": "SAMPLER",
          "link": 78,
          "slot_index": 2
        },
        {
          "name": "sigmas",
          "type": "SIGMAS",
          "link": 83,
          "slot_index": 3
        },
        {
          "name": "latent_image",
          "type": "LATENT",
          "link": 81,
          "slot_index": 4
        }
      ],
      "outputs": [
        {
          "name": "output",
          "type": "LATENT",
          "links": [],
          "shape": 3,
          "slot_index": 0
        },
        {
          "name": "denoised_output",
          "type": "LATENT",
          "links": [
            94
          ],
          "shape": 3,
          "slot_index": 1
        }
      ],
      "properties": {
        "Node name for S&R": "SamplerCustomAdvanced"
      }
    },
    {
      "id": 47,
      "type": "CLIPTextEncodeFlux",
      "pos": [
        782,
        -608
      ],
      "size": {
        "0": 335.01458740234375,
        "1": 327.5003662109375
      },
      "flags": {},
      "order": 8,
      "mode": 0,
      "inputs": [
        {
          "name": "clip",
          "type": "CLIP",
          "link": 87
        }
      ],
      "outputs": [
        {
          "name": "CONDITIONING",
          "type": "CONDITIONING",
          "links": [
            86
          ],
          "shape": 3,
          "slot_index": 0
        }
      ],
      "properties": {
        "Node name for S&R": "CLIPTextEncodeFlux"
      },
      "widgets_values": [
        "photo of a wet mermaid with very small breasts leaning on a rock on stormy waters near a cliff. the lower body is of an iridescent fish the upper of a beautiful woman. Ultra detailed, skin texture, fantastic, dramatic, high resolution, HDR",
        "photo of a wet mermaid with very small breasts leaning on a rock on stormy waters near a cliff. the lower body is of an iridescent fish the upper of a beautiful woman. Ultra detailed, skin texture, fantastic, dramatic, high resolution, HDR",
        2.5
      ]
    }
  ],
  "links": [
    [
      12,
      10,
      0,
      8,
      1,
      "VAE"
    ],
    [
      19,
      16,
      0,
      13,
      2,
      "SAMPLER"
    ],
    [
      30,
      22,
      0,
      13,
      1,
      "GUIDER"
    ],
    [
      37,
      25,
      0,
      13,
      0,
      "NOISE"
    ],
    [
      41,
      8,
      0,
      26,
      0,
      "IMAGE"
    ],
    [
      42,
      17,
      0,
      28,
      0,
      "SIGMAS"
    ],
    [
      54,
      28,
      1,
      13,
      3,
      "SIGMAS"
    ],
    [
      58,
      11,
      0,
      33,
      0,
      "CLIP"
    ],
    [
      59,
      33,
      0,
      22,
      1,
      "CONDITIONING"
    ],
    [
      67,
      35,
      0,
      13,
      4,
      "LATENT"
    ],
    [
      74,
      12,
      0,
      22,
      0,
      "MODEL"
    ],
    [
      75,
      12,
      0,
      17,
      0,
      "MODEL"
    ],
    [
      78,
      16,
      0,
      43,
      2,
      "SAMPLER"
    ],
    [
      81,
      13,
      0,
      43,
      4,
      "LATENT"
    ],
    [
      82,
      12,
      0,
      44,
      0,
      "MODEL"
    ],
    [
      83,
      44,
      0,
      43,
      3,
      "SIGMAS"
    ],
    [
      84,
      45,
      0,
      43,
      0,
      "NOISE"
    ],
    [
      85,
      12,
      0,
      46,
      0,
      "MODEL"
    ],
    [
      86,
      47,
      0,
      46,
      1,
      "CONDITIONING"
    ],
    [
      87,
      11,
      0,
      47,
      0,
      "CLIP"
    ],
    [
      88,
      46,
      0,
      43,
      1,
      "GUIDER"
    ],
    [
      89,
      10,
      0,
      48,
      1,
      "VAE"
    ],
    [
      92,
      48,
      0,
      50,
      0,
      "IMAGE"
    ],
    [
      93,
      13,
      1,
      8,
      0,
      "LATENT"
    ],
    [
      94,
      43,
      1,
      48,
      0,
      "LATENT"
    ]
  ],
  "groups": [],
  "config": {},
  "extra": {
    "ds": {
      "scale": 0.5209868481924449,
      "offset": [
        909.1827300470786,
        551.4888726446262
      ]
    }
  },
  "version": 0.4
}