{
  "last_node_id": 76,
  "last_link_id": 164,
  "nodes": [
    {
      "id": 12,
      "type": "UNETLoader",
      "pos": [
        290,
        330
      ],
      "size": {
        "0": 229.8605194091797,
        "1": 82
      },
      "flags": {},
      "order": 0,
      "mode": 0,
      "outputs": [
        {
          "name": "MODEL",
          "type": "MODEL",
          "links": [
            156
          ],
          "shape": 3,
          "slot_index": 0
        }
      ],
      "properties": {
        "Node name for S&R": "UNETLoader"
      },
      "widgets_values": [
        "flux1-dev.sft",
        "fp8_e4m3fn"
      ]
    },
    {
      "id": 48,
      "type": "SDXLEmptyLatentSizePicker+",
      "pos": [
        244,
        478
      ],
      "size": {
        "0": 268.79998779296875,
        "1": 170
      },
      "flags": {},
      "order": 1,
      "mode": 0,
      "outputs": [
        {
          "name": "LATENT",
          "type": "LATENT",
          "links": [
            157
          ],
          "shape": 3,
          "slot_index": 0
        },
        {
          "name": "width",
          "type": "INT",
          "links": [],
          "shape": 3,
          "slot_index": 1
        },
        {
          "name": "height",
          "type": "INT",
          "links": [],
          "shape": 3,
          "slot_index": 2
        }
      ],
      "properties": {
        "Node name for S&R": "SDXLEmptyLatentSizePicker+"
      },
      "widgets_values": [
        "896x1088 (0.82)",
        1,
        0,
        0
      ]
    },
    {
      "id": 73,
      "type": "TextEncodeForSamplerParams+",
      "pos": [
        328,
        37
      ],
      "size": {
        "0": 400,
        "1": 200
      },
      "flags": {},
      "order": 4,
      "mode": 0,
      "inputs": [
        {
          "name": "clip",
          "type": "CLIP",
          "link": 154
        }
      ],
      "outputs": [
        {
          "name": "CONDITIONING",
          "type": "CONDITIONING",
          "links": [
            155
          ],
          "shape": 3,
          "slot_index": 0
        }
      ],
      "properties": {
        "Node name for S&R": "TextEncodeForSamplerParams+"
      },
      "widgets_values": [
        "a 50yo half-greek half-iranian woman with dark brown skin and natural salt-and-pepper short hair\n---\npicture of a 50yo half-greek half-iranian woman with dark brown skin and natural salt-and-pepper short hair\n---\na half-greek half-iranian woman in her 50s with dark brown skin and natural salt-and-pepper short hair\n---\na picture of half-greek half-iranian woman in her 50s with dark brown skin and natural salt-and-pepper short hair"
      ]
    },
    {
      "id": 72,
      "type": "FluxSamplerParams+",
      "pos": [
        829,
        23
      ],
      "size": {
        "0": 315,
        "1": 266
      },
      "flags": {},
      "order": 5,
      "mode": 0,
      "inputs": [
        {
          "name": "model",
          "type": "MODEL",
          "link": 156
        },
        {
          "name": "conditioning",
          "type": "CONDITIONING",
          "link": 155
        },
        {
          "name": "latent_image",
          "type": "LATENT",
          "link": 157
        }
      ],
      "outputs": [
        {
          "name": "latent",
          "type": "LATENT",
          "links": [
            160
          ],
          "shape": 3,
          "slot_index": 0
        },
        {
          "name": "params",
          "type": "SAMPLER_PARAMS",
          "links": [
            162
          ],
          "shape": 3,
          "slot_index": 1
        }
      ],
      "properties": {
        "Node name for S&R": "FluxSamplerParams+"
      },
      "widgets_values": [
        "123",
        "euler",
        "simple",
        "20",
        "3.5",
        "",
        "",
        "1.0"
      ]
    },
    {
      "id": 74,
      "type": "VAEDecode",
      "pos": [
        1231,
        18
      ],
      "size": {
        "0": 140,
        "1": 46
      },
      "flags": {},
      "order": 6,
      "mode": 0,
      "inputs": [
        {
          "name": "samples",
          "type": "LATENT",
          "link": 160
        },
        {
          "name": "vae",
          "type": "VAE",
          "link": 159
        }
      ],
      "outputs": [
        {
          "name": "IMAGE",
          "type": "IMAGE",
          "links": [
            161
          ],
          "slot_index": 0
        }
      ],
      "properties": {
        "Node name for S&R": "VAEDecode"
      }
    },
    {
      "id": 75,
      "type": "PlotParameters+",
      "pos": [
        1452,
        15
      ],
      "size": {
        "0": 218.39999389648438,
        "1": 150
      },
      "flags": {},
      "order": 7,
      "mode": 0,
      "inputs": [
        {
          "name": "images",
          "type": "IMAGE",
          "link": 161
        },
        {
          "name": "params",
          "type": "SAMPLER_PARAMS",
          "link": 162
        }
      ],
      "outputs": [
        {
          "name": "IMAGE",
          "type": "IMAGE",
          "links": [
            163
          ],
          "shape": 3,
          "slot_index": 0
        }
      ],
      "properties": {
        "Node name for S&R": "PlotParameters+"
      },
      "widgets_values": [
        "none",
        "none",
        0,
        "true"
      ]
    },
    {
      "id": 76,
      "type": "PreviewImage",
      "pos": [
        1787,
        19
      ],
      "size": {
        "0": 1873.7100830078125,
        "1": 2585.267333984375
      },
      "flags": {},
      "order": 8,
      "mode": 0,
      "inputs": [
        {
          "name": "images",
          "type": "IMAGE",
          "link": 163
        }
      ],
      "properties": {
        "Node name for S&R": "PreviewImage"
      }
    },
    {
      "id": 10,
      "type": "VAELoader",
      "pos": [
        923,
        366
      ],
      "size": {
        "0": 210,
        "1": 58
      },
      "flags": {},
      "order": 2,
      "mode": 0,
      "outputs": [
        {
          "name": "VAE",
          "type": "VAE",
          "links": [
            159
          ],
          "shape": 3,
          "slot_index": 0
        }
      ],
      "properties": {
        "Node name for S&R": "VAELoader"
      },
      "widgets_values": [
        "ae.sft"
      ]
    },
    {
      "id": 11,
      "type": "DualCLIPLoader",
      "pos": [
        41,
        38
      ],
      "size": {
        "0": 210,
        "1": 106
      },
      "flags": {},
      "order": 3,
      "mode": 0,
      "outputs": [
        {
          "name": "CLIP",
          "type": "CLIP",
          "links": [
            154
          ],
          "shape": 3,
          "slot_index": 0
        }
      ],
      "properties": {
        "Node name for S&R": "DualCLIPLoader"
      },
      "widgets_values": [
        "t5xxl_fp16.safetensors",
        "clip_l.safetensors",
        "flux"
      ]
    }
  ],
  "links": [
    [
      154,
      11,
      0,
      73,
      0,
      "CLIP"
    ],
    [
      155,
      73,
      0,
      72,
      1,
      "CONDITIONING"
    ],
    [
      156,
      12,
      0,
      72,
      0,
      "MODEL"
    ],
    [
      157,
      48,
      0,
      72,
      2,
      "LATENT"
    ],
    [
      159,
      10,
      0,
      74,
      1,
      "VAE"
    ],
    [
      160,
      72,
      0,
      74,
      0,
      "LATENT"
    ],
    [
      161,
      74,
      0,
      75,
      0,
      "IMAGE"
    ],
    [
      162,
      72,
      1,
      75,
      1,
      "SAMPLER_PARAMS"
    ],
    [
      163,
      75,
      0,
      76,
      0,
      "IMAGE"
    ]
  ],
  "groups": [],
  "config": {},
  "extra": {
    "ds": {
      "scale": 0.6303940863129202,
      "offset": [
        415.6300531772355,
        427.4457211758917
      ]
    },
    "groupNodes": {
      "test": {
        "nodes": [
          {
            "type": "PrimitiveNode",
            "pos": [
              88,
              617
            ],
            "size": {
              "0": 210,
              "1": 82
            },
            "flags": {},
            "order": 5,
            "mode": 0,
            "outputs": [
              {
                "name": "INT",
                "type": "INT",
                "links": [],
                "widget": {
                  "name": "width"
                }
              }
            ],
            "title": "width",
            "properties": {
              "Run widget replace on values": false
            },
            "index": 0
          },
          {
            "type": "PrimitiveNode",
            "pos": [
              87,
              745
            ],
            "size": {
              "0": 210,
              "1": 82
            },
            "flags": {},
            "order": 6,
            "mode": 0,
            "outputs": [
              {
                "name": "INT",
                "type": "INT",
                "links": [],
                "widget": {
                  "name": "height"
                }
              }
            ],
            "title": "height",
            "properties": {
              "Run widget replace on values": false
            },
            "index": 1
          },
          {
            "type": "EmptyLatentImage",
            "pos": [
              402,
              596
            ],
            "size": {
              "0": 315,
              "1": 106
            },
            "flags": {},
            "order": 9,
            "mode": 0,
            "inputs": [
              {
                "name": "width",
                "type": "INT",
                "link": null,
                "widget": {
                  "name": "width"
                },
                "slot_index": 0
              },
              {
                "name": "height",
                "type": "INT",
                "link": null,
                "widget": {
                  "name": "height"
                },
                "slot_index": 1
              }
            ],
            "outputs": [
              {
                "name": "LATENT",
                "type": "LATENT",
                "links": [],
                "slot_index": 0
              }
            ],
            "properties": {
              "Node name for S&R": "EmptyLatentImage"
            },
            "widgets_values": [
              1024,
              1024,
              1
            ],
            "index": 2
          }
        ],
        "links": [
          [
            0,
            0,
            2,
            0,
            32,
            "INT"
          ],
          [
            1,
            0,
            2,
            1,
            33,
            "INT"
          ]
        ],
        "external": [
          [
            2,
            0,
            "LATENT"
          ]
        ]
      }
    }
  },
  "version": 0.4
}