{
  "last_node_id": 52,
  "last_link_id": 90,
  "nodes": [
    {
      "id": 11,
      "type": "DualCLIPLoader",
      "pos": [
        -137,
        257
      ],
      "size": {
        "0": 315,
        "1": 106
      },
      "flags": {},
      "order": 0,
      "mode": 0,
      "outputs": [
        {
          "name": "CLIP",
          "type": "CLIP",
          "links": [
            10,
            66
          ],
          "shape": 3,
          "slot_index": 0
        }
      ],
      "properties": {
        "Node name for S&R": "DualCLIPLoader"
      },
      "widgets_values": [
        "t5xxl_fp16.safetensors",
        "clip_l.safetensors",
        "flux"
      ]
    },
    {
      "id": 10,
      "type": "VAELoader",
      "pos": [
        -630,
        263
      ],
      "size": {
        "0": 315,
        "1": 58
      },
      "flags": {},
      "order": 1,
      "mode": 0,
      "outputs": [
        {
          "name": "VAE",
          "type": "VAE",
          "links": [
            12,
            62,
            72
          ],
          "shape": 3,
          "slot_index": 0
        }
      ],
      "properties": {
        "Node name for S&R": "VAELoader"
      },
      "widgets_values": [
        "ae.sft"
      ]
    },
    {
      "id": 5,
      "type": "EmptyLatentImage",
      "pos": [
        399,
        445
      ],
      "size": {
        "0": 315,
        "1": 106
      },
      "flags": {},
      "order": 2,
      "mode": 0,
      "outputs": [
        {
          "name": "LATENT",
          "type": "LATENT",
          "links": [
            46
          ],
          "slot_index": 0
        }
      ],
      "properties": {
        "Node name for S&R": "EmptyLatentImage"
      },
      "widgets_values": [
        768,
        1280,
        1
      ]
    },
    {
      "id": 34,
      "type": "LoadCLIPSegModels+",
      "pos": [
        1134,
        29
      ],
      "size": {
        "0": 210,
        "1": 26
      },
      "flags": {},
      "order": 3,
      "mode": 0,
      "outputs": [
        {
          "name": "CLIP_SEG",
          "type": "CLIP_SEG",
          "links": [
            50
          ],
          "shape": 3,
          "slot_index": 0
        }
      ],
      "properties": {
        "Node name for S&R": "LoadCLIPSegModels+"
      }
    },
    {
      "id": 12,
      "type": "UNETLoader",
      "pos": [
        -156,
        97
      ],
      "size": {
        "0": 315,
        "1": 82
      },
      "flags": {},
      "order": 4,
      "mode": 0,
      "outputs": [
        {
          "name": "MODEL",
          "type": "MODEL",
          "links": [
            38,
            39,
            65,
            67,
            80
          ],
          "shape": 3,
          "slot_index": 0
        }
      ],
      "properties": {
        "Node name for S&R": "UNETLoader"
      },
      "widgets_values": [
        "flux1-dev.sft",
        "default"
      ]
    },
    {
      "id": 43,
      "type": "BasicGuider",
      "pos": [
        2157,
        -187
      ],
      "size": {
        "0": 241.79998779296875,
        "1": 46
      },
      "flags": {},
      "order": 15,
      "mode": 0,
      "inputs": [
        {
          "name": "model",
          "type": "MODEL",
          "link": 67,
          "slot_index": 0
        },
        {
          "name": "conditioning",
          "type": "CONDITIONING",
          "link": 68,
          "slot_index": 1
        }
      ],
      "outputs": [
        {
          "name": "GUIDER",
          "type": "GUIDER",
          "links": [
            69
          ],
          "shape": 3,
          "slot_index": 0
        }
      ],
      "properties": {
        "Node name for S&R": "BasicGuider"
      }
    },
    {
      "id": 6,
      "type": "CLIPTextEncode",
      "pos": [
        280,
        220
      ],
      "size": {
        "0": 422.84503173828125,
        "1": 164.31304931640625
      },
      "flags": {},
      "order": 9,
      "mode": 0,
      "inputs": [
        {
          "name": "clip",
          "type": "CLIP",
          "link": 10
        }
      ],
      "outputs": [
        {
          "name": "CONDITIONING",
          "type": "CONDITIONING",
          "links": [
            40
          ],
          "slot_index": 0
        }
      ],
      "properties": {
        "Node name for S&R": "CLIPTextEncode"
      },
      "widgets_values": [
        "a naked fallen angel crouching desperate with broken wings on fire. hands in his hair. dirty, black stains and blood on the skin. the background a rocky desert with magma and lave, the sky above is stormy with a feeble ray of light representing God. high quality digital illustration, cinematic, dramatic."
      ]
    },
    {
      "id": 35,
      "type": "ApplyCLIPSeg+",
      "pos": [
        1409,
        80
      ],
      "size": {
        "0": 315,
        "1": 174
      },
      "flags": {},
      "order": 19,
      "mode": 0,
      "inputs": [
        {
          "name": "clip_seg",
          "type": "CLIP_SEG",
          "link": 50
        },
        {
          "name": "image",
          "type": "IMAGE",
          "link": 51
        }
      ],
      "outputs": [
        {
          "name": "MASK",
          "type": "MASK",
          "links": [
            52,
            54
          ],
          "shape": 3,
          "slot_index": 0
        }
      ],
      "properties": {
        "Node name for S&R": "ApplyCLIPSeg+"
      },
      "widgets_values": [
        "wings",
        0.4,
        12,
        12,
        34
      ]
    },
    {
      "id": 42,
      "type": "CLIPTextEncode",
      "pos": [
        1690,
        -170
      ],
      "size": {
        "0": 422.84503173828125,
        "1": 164.31304931640625
      },
      "flags": {},
      "order": 10,
      "mode": 0,
      "inputs": [
        {
          "name": "clip",
          "type": "CLIP",
          "link": 66
        }
      ],
      "outputs": [
        {
          "name": "CONDITIONING",
          "type": "CONDITIONING",
          "links": [
            68
          ],
          "slot_index": 0
        }
      ],
      "properties": {
        "Node name for S&R": "CLIPTextEncode"
      },
      "widgets_values": [
        "fire wings. dirt stain. high quality digital illustration, cinematic, dramatic."
      ]
    },
    {
      "id": 44,
      "type": "RandomNoise",
      "pos": [
        2084,
        162
      ],
      "size": {
        "0": 315,
        "1": 82
      },
      "flags": {},
      "order": 5,
      "mode": 0,
      "outputs": [
        {
          "name": "NOISE",
          "type": "NOISE",
          "links": [
            70
          ],
          "shape": 3,
          "slot_index": 0
        }
      ],
      "properties": {
        "Node name for S&R": "RandomNoise"
      },
      "widgets_values": [
        411,
        "fixed"
      ]
    },
    {
      "id": 8,
      "type": "VAEDecode",
      "pos": [
        1140,
        220
      ],
      "size": {
        "0": 140,
        "1": 46
      },
      "flags": {},
      "order": 17,
      "mode": 0,
      "inputs": [
        {
          "name": "samples",
          "type": "LATENT",
          "link": 87
        },
        {
          "name": "vae",
          "type": "VAE",
          "link": 12
        }
      ],
      "outputs": [
        {
          "name": "IMAGE",
          "type": "IMAGE",
          "links": [
            41,
            51
          ],
          "slot_index": 0
        }
      ],
      "properties": {
        "Node name for S&R": "VAEDecode"
      }
    },
    {
      "id": 22,
      "type": "BasicGuider",
      "pos": [
        510,
        60
      ],
      "size": {
        "0": 241.79998779296875,
        "1": 46
      },
      "flags": {},
      "order": 14,
      "mode": 0,
      "inputs": [
        {
          "name": "model",
          "type": "MODEL",
          "link": 39,
          "slot_index": 0
        },
        {
          "name": "conditioning",
          "type": "CONDITIONING",
          "link": 40,
          "slot_index": 1
        }
      ],
      "outputs": [
        {
          "name": "GUIDER",
          "type": "GUIDER",
          "links": [
            30,
            79
          ],
          "shape": 3,
          "slot_index": 0
        }
      ],
      "properties": {
        "Node name for S&R": "BasicGuider"
      }
    },
    {
      "id": 17,
      "type": "BasicScheduler",
      "pos": [
        410,
        871
      ],
      "size": {
        "0": 315,
        "1": 106
      },
      "flags": {},
      "order": 11,
      "mode": 0,
      "inputs": [
        {
          "name": "model",
          "type": "MODEL",
          "link": 38,
          "slot_index": 0
        }
      ],
      "outputs": [
        {
          "name": "SIGMAS",
          "type": "SIGMAS",
          "links": [
            20
          ],
          "shape": 3
        }
      ],
      "properties": {
        "Node name for S&R": "BasicScheduler"
      },
      "widgets_values": [
        "sgm_uniform",
        20,
        1
      ]
    },
    {
      "id": 37,
      "type": "SetLatentNoiseMask",
      "pos": [
        1826,
        237
      ],
      "size": {
        "0": 210,
        "1": 46
      },
      "flags": {},
      "order": 21,
      "mode": 0,
      "inputs": [
        {
          "name": "samples",
          "type": "LATENT",
          "link": 88
        },
        {
          "name": "mask",
          "type": "MASK",
          "link": 54
        }
      ],
      "outputs": [
        {
          "name": "LATENT",
          "type": "LATENT",
          "links": [
            60
          ],
          "shape": 3,
          "slot_index": 0
        }
      ],
      "properties": {
        "Node name for S&R": "SetLatentNoiseMask"
      }
    },
    {
      "id": 26,
      "type": "PreviewImage",
      "pos": [
        1220,
        902
      ],
      "size": {
        "0": 883.33984375,
        "1": 1381.6148681640625
      },
      "flags": {},
      "order": 18,
      "mode": 0,
      "inputs": [
        {
          "name": "images",
          "type": "IMAGE",
          "link": 41
        }
      ],
      "properties": {
        "Node name for S&R": "PreviewImage"
      }
    },
    {
      "id": 41,
      "type": "PreviewImage",
      "pos": [
        2128,
        895
      ],
      "size": {
        "0": 883.33984375,
        "1": 1381.6148681640625
      },
      "flags": {},
      "order": 26,
      "mode": 0,
      "inputs": [
        {
          "name": "images",
          "type": "IMAGE",
          "link": 63
        }
      ],
      "properties": {
        "Node name for S&R": "PreviewImage"
      }
    },
    {
      "id": 47,
      "type": "PreviewImage",
      "pos": [
        3039,
        882
      ],
      "size": {
        "0": 883.33984375,
        "1": 1381.6148681640625
      },
      "flags": {},
      "order": 29,
      "mode": 0,
      "inputs": [
        {
          "name": "images",
          "type": "IMAGE",
          "link": 86
        }
      ],
      "properties": {
        "Node name for S&R": "PreviewImage"
      }
    },
    {
      "id": 39,
      "type": "BasicScheduler",
      "pos": [
        1782,
        389
      ],
      "size": {
        "0": 315,
        "1": 106
      },
      "flags": {},
      "order": 12,
      "mode": 0,
      "inputs": [
        {
          "name": "model",
          "type": "MODEL",
          "link": 65,
          "slot_index": 0
        }
      ],
      "outputs": [
        {
          "name": "SIGMAS",
          "type": "SIGMAS",
          "links": [
            61
          ],
          "shape": 3,
          "slot_index": 0
        }
      ],
      "properties": {
        "Node name for S&R": "BasicScheduler"
      },
      "widgets_values": [
        "sgm_uniform",
        20,
        0.85
      ]
    },
    {
      "id": 40,
      "type": "VAEDecode",
      "pos": [
        2494,
        438
      ],
      "size": {
        "0": 140,
        "1": 46
      },
      "flags": {},
      "order": 24,
      "mode": 0,
      "inputs": [
        {
          "name": "samples",
          "type": "LATENT",
          "link": 90
        },
        {
          "name": "vae",
          "type": "VAE",
          "link": 62
        }
      ],
      "outputs": [
        {
          "name": "IMAGE",
          "type": "IMAGE",
          "links": [
            63
          ],
          "slot_index": 0
        }
      ],
      "properties": {
        "Node name for S&R": "VAEDecode"
      }
    },
    {
      "id": 46,
      "type": "SamplerCustomAdvanced",
      "pos": [
        2930,
        220
      ],
      "size": {
        "0": 236.8000030517578,
        "1": 106
      },
      "flags": {},
      "order": 25,
      "mode": 0,
      "inputs": [
        {
          "name": "noise",
          "type": "NOISE",
          "link": 82,
          "slot_index": 0
        },
        {
          "name": "guider",
          "type": "GUIDER",
          "link": 79,
          "slot_index": 1
        },
        {
          "name": "sampler",
          "type": "SAMPLER",
          "link": 74,
          "slot_index": 2
        },
        {
          "name": "sigmas",
          "type": "SIGMAS",
          "link": 81,
          "slot_index": 3
        },
        {
          "name": "latent_image",
          "type": "LATENT",
          "link": 84,
          "slot_index": 4
        }
      ],
      "outputs": [
        {
          "name": "output",
          "type": "LATENT",
          "links": [
            71
          ],
          "shape": 3,
          "slot_index": 0
        },
        {
          "name": "denoised_output",
          "type": "LATENT",
          "links": null,
          "shape": 3
        }
      ],
      "properties": {
        "Node name for S&R": "SamplerCustomAdvanced"
      }
    },
    {
      "id": 50,
      "type": "RemoveLatentMask+",
      "pos": [
        2598,
        317
      ],
      "size": {
        "0": 210,
        "1": 26
      },
      "flags": {},
      "order": 23,
      "mode": 0,
      "inputs": [
        {
          "name": "samples",
          "type": "LATENT",
          "link": 89
        }
      ],
      "outputs": [
        {
          "name": "LATENT",
          "type": "LATENT",
          "links": [
            84
          ],
          "shape": 3,
          "slot_index": 0
        }
      ],
      "properties": {
        "Node name for S&R": "RemoveLatentMask+"
      }
    },
    {
      "id": 25,
      "type": "RandomNoise",
      "pos": [
        399,
        602
      ],
      "size": {
        "0": 315,
        "1": 82
      },
      "flags": {},
      "order": 6,
      "mode": 0,
      "outputs": [
        {
          "name": "NOISE",
          "type": "NOISE",
          "links": [
            37
          ],
          "shape": 3
        }
      ],
      "properties": {
        "Node name for S&R": "RandomNoise"
      },
      "widgets_values": [
        12,
        "fixed"
      ]
    },
    {
      "id": 16,
      "type": "KSamplerSelect",
      "pos": [
        408,
        753
      ],
      "size": {
        "0": 315,
        "1": 58
      },
      "flags": {},
      "order": 7,
      "mode": 0,
      "outputs": [
        {
          "name": "SAMPLER",
          "type": "SAMPLER",
          "links": [
            19,
            57,
            74
          ],
          "shape": 3
        }
      ],
      "properties": {
        "Node name for S&R": "KSamplerSelect"
      },
      "widgets_values": [
        "euler"
      ]
    },
    {
      "id": 45,
      "type": "VAEDecode",
      "pos": [
        3240,
        280
      ],
      "size": {
        "0": 140,
        "1": 46
      },
      "flags": {},
      "order": 27,
      "mode": 0,
      "inputs": [
        {
          "name": "samples",
          "type": "LATENT",
          "link": 71
        },
        {
          "name": "vae",
          "type": "VAE",
          "link": 72
        }
      ],
      "outputs": [
        {
          "name": "IMAGE",
          "type": "IMAGE",
          "links": [
            85
          ],
          "slot_index": 0
        }
      ],
      "properties": {
        "Node name for S&R": "VAEDecode"
      }
    },
    {
      "id": 52,
      "type": "ImageApplyLUT+",
      "pos": [
        3243,
        413
      ],
      "size": {
        "0": 266.6148986816406,
        "1": 130
      },
      "flags": {},
      "order": 28,
      "mode": 0,
      "inputs": [
        {
          "name": "image",
          "type": "IMAGE",
          "link": 85
        }
      ],
      "outputs": [
        {
          "name": "IMAGE",
          "type": "IMAGE",
          "links": [
            86
          ],
          "shape": 3,
          "slot_index": 0
        }
      ],
      "properties": {
        "Node name for S&R": "ImageApplyLUT+"
      },
      "widgets_values": [
        "FGCineCold.cube",
        true,
        true,
        0.7000000000000001
      ]
    },
    {
      "id": 36,
      "type": "MaskPreview+",
      "pos": [
        1525,
        349
      ],
      "size": {
        "0": 210,
        "1": 246
      },
      "flags": {},
      "order": 20,
      "mode": 0,
      "inputs": [
        {
          "name": "mask",
          "type": "MASK",
          "link": 52
        }
      ],
      "properties": {
        "Node name for S&R": "MaskPreview+"
      }
    },
    {
      "id": 13,
      "type": "SamplerCustomAdvanced",
      "pos": [
        822,
        220
      ],
      "size": {
        "0": 236.8000030517578,
        "1": 106
      },
      "flags": {},
      "order": 16,
      "mode": 0,
      "inputs": [
        {
          "name": "noise",
          "type": "NOISE",
          "link": 37,
          "slot_index": 0
        },
        {
          "name": "guider",
          "type": "GUIDER",
          "link": 30,
          "slot_index": 1
        },
        {
          "name": "sampler",
          "type": "SAMPLER",
          "link": 19,
          "slot_index": 2
        },
        {
          "name": "sigmas",
          "type": "SIGMAS",
          "link": 20,
          "slot_index": 3
        },
        {
          "name": "latent_image",
          "type": "LATENT",
          "link": 46,
          "slot_index": 4
        }
      ],
      "outputs": [
        {
          "name": "output",
          "type": "LATENT",
          "links": [],
          "shape": 3,
          "slot_index": 0
        },
        {
          "name": "denoised_output",
          "type": "LATENT",
          "links": [
            87,
            88
          ],
          "shape": 3,
          "slot_index": 1
        }
      ],
      "properties": {
        "Node name for S&R": "SamplerCustomAdvanced"
      }
    },
    {
      "id": 38,
      "type": "SamplerCustomAdvanced",
      "pos": [
        2196,
        325
      ],
      "size": {
        "0": 236.8000030517578,
        "1": 106
      },
      "flags": {},
      "order": 22,
      "mode": 0,
      "inputs": [
        {
          "name": "noise",
          "type": "NOISE",
          "link": 70,
          "slot_index": 0
        },
        {
          "name": "guider",
          "type": "GUIDER",
          "link": 69,
          "slot_index": 1
        },
        {
          "name": "sampler",
          "type": "SAMPLER",
          "link": 57,
          "slot_index": 2
        },
        {
          "name": "sigmas",
          "type": "SIGMAS",
          "link": 61,
          "slot_index": 3
        },
        {
          "name": "latent_image",
          "type": "LATENT",
          "link": 60,
          "slot_index": 4
        }
      ],
      "outputs": [
        {
          "name": "output",
          "type": "LATENT",
          "links": [],
          "shape": 3,
          "slot_index": 0
        },
        {
          "name": "denoised_output",
          "type": "LATENT",
          "links": [
            89,
            90
          ],
          "shape": 3,
          "slot_index": 1
        }
      ],
      "properties": {
        "Node name for S&R": "SamplerCustomAdvanced"
      }
    },
    {
      "id": 49,
      "type": "RandomNoise",
      "pos": [
        2488,
        -63
      ],
      "size": {
        "0": 315,
        "1": 82
      },
      "flags": {},
      "order": 8,
      "mode": 0,
      "outputs": [
        {
          "name": "NOISE",
          "type": "NOISE",
          "links": [
            82
          ],
          "shape": 3,
          "slot_index": 0
        }
      ],
      "properties": {
        "Node name for S&R": "RandomNoise"
      },
      "widgets_values": [
        911,
        "fixed"
      ]
    },
    {
      "id": 48,
      "type": "BasicScheduler",
      "pos": [
        2490,
        80
      ],
      "size": {
        "0": 315,
        "1": 106
      },
      "flags": {},
      "order": 13,
      "mode": 0,
      "inputs": [
        {
          "name": "model",
          "type": "MODEL",
          "link": 80,
          "slot_index": 0
        }
      ],
      "outputs": [
        {
          "name": "SIGMAS",
          "type": "SIGMAS",
          "links": [
            81
          ],
          "shape": 3,
          "slot_index": 0
        }
      ],
      "properties": {
        "Node name for S&R": "BasicScheduler"
      },
      "widgets_values": [
        "beta",
        20,
        0.35000000000000003
      ]
    }
  ],
  "links": [
    [
      10,
      11,
      0,
      6,
      0,
      "CLIP"
    ],
    [
      12,
      10,
      0,
      8,
      1,
      "VAE"
    ],
    [
      19,
      16,
      0,
      13,
      2,
      "SAMPLER"
    ],
    [
      20,
      17,
      0,
      13,
      3,
      "SIGMAS"
    ],
    [
      30,
      22,
      0,
      13,
      1,
      "GUIDER"
    ],
    [
      37,
      25,
      0,
      13,
      0,
      "NOISE"
    ],
    [
      38,
      12,
      0,
      17,
      0,
      "MODEL"
    ],
    [
      39,
      12,
      0,
      22,
      0,
      "MODEL"
    ],
    [
      40,
      6,
      0,
      22,
      1,
      "CONDITIONING"
    ],
    [
      41,
      8,
      0,
      26,
      0,
      "IMAGE"
    ],
    [
      46,
      5,
      0,
      13,
      4,
      "LATENT"
    ],
    [
      50,
      34,
      0,
      35,
      0,
      "CLIP_SEG"
    ],
    [
      51,
      8,
      0,
      35,
      1,
      "IMAGE"
    ],
    [
      52,
      35,
      0,
      36,
      0,
      "MASK"
    ],
    [
      54,
      35,
      0,
      37,
      1,
      "MASK"
    ],
    [
      57,
      16,
      0,
      38,
      2,
      "SAMPLER"
    ],
    [
      60,
      37,
      0,
      38,
      4,
      "LATENT"
    ],
    [
      61,
      39,
      0,
      38,
      3,
      "SIGMAS"
    ],
    [
      62,
      10,
      0,
      40,
      1,
      "VAE"
    ],
    [
      63,
      40,
      0,
      41,
      0,
      "IMAGE"
    ],
    [
      65,
      12,
      0,
      39,
      0,
      "MODEL"
    ],
    [
      66,
      11,
      0,
      42,
      0,
      "CLIP"
    ],
    [
      67,
      12,
      0,
      43,
      0,
      "MODEL"
    ],
    [
      68,
      42,
      0,
      43,
      1,
      "CONDITIONING"
    ],
    [
      69,
      43,
      0,
      38,
      1,
      "GUIDER"
    ],
    [
      70,
      44,
      0,
      38,
      0,
      "NOISE"
    ],
    [
      71,
      46,
      0,
      45,
      0,
      "LATENT"
    ],
    [
      72,
      10,
      0,
      45,
      1,
      "VAE"
    ],
    [
      74,
      16,
      0,
      46,
      2,
      "SAMPLER"
    ],
    [
      79,
      22,
      0,
      46,
      1,
      "GUIDER"
    ],
    [
      80,
      12,
      0,
      48,
      0,
      "MODEL"
    ],
    [
      81,
      48,
      0,
      46,
      3,
      "SIGMAS"
    ],
    [
      82,
      49,
      0,
      46,
      0,
      "NOISE"
    ],
    [
      84,
      50,
      0,
      46,
      4,
      "LATENT"
    ],
    [
      85,
      45,
      0,
      52,
      0,
      "IMAGE"
    ],
    [
      86,
      52,
      0,
      47,
      0,
      "IMAGE"
    ],
    [
      87,
      13,
      1,
      8,
      0,
      "LATENT"
    ],
    [
      88,
      13,
      1,
      37,
      0,
      "LATENT"
    ],
    [
      89,
      38,
      1,
      50,
      0,
      "LATENT"
    ],
    [
      90,
      38,
      1,
      40,
      0,
      "LATENT"
    ]
  ],
  "groups": [],
  "config": {},
  "extra": {
    "ds": {
      "scale": 0.29408349370554815,
      "offset": [
        1198.4575561993474,
        613.4062505227353
      ]
    }
  },
  "version": 0.4
}