{
  "last_node_id": 87,
  "last_link_id": 196,
  "nodes": [
    {
      "id": 22,
      "type": "BasicGuider",
      "pos": [
        1100,
        210
      ],
      "size": {
        "0": 161.1999969482422,
        "1": 46
      },
      "flags": {},
      "order": 10,
      "mode": 0,
      "inputs": [
        {
          "name": "model",
          "type": "MODEL",
          "link": 152,
          "slot_index": 0
        },
        {
          "name": "conditioning",
          "type": "CONDITIONING",
          "link": 196,
          "slot_index": 1
        }
      ],
      "outputs": [
        {
          "name": "GUIDER",
          "type": "GUIDER",
          "links": [
            30
          ],
          "shape": 3,
          "slot_index": 0
        }
      ],
      "properties": {
        "Node name for S&R": "BasicGuider"
      }
    },
    {
      "id": 49,
      "type": "Reroute",
      "pos": [
        1202,
        589
      ],
      "size": [
        75,
        26
      ],
      "flags": {},
      "order": 6,
      "mode": 0,
      "inputs": [
        {
          "name": "",
          "type": "*",
          "link": 100
        }
      ],
      "outputs": [
        {
          "name": "",
          "type": "LATENT",
          "links": [
            101
          ],
          "slot_index": 0
        }
      ],
      "properties": {
        "showOutputText": false,
        "horizontal": false
      }
    },
    {
      "id": 13,
      "type": "SamplerCustomAdvanced",
      "pos": [
        1410,
        246
      ],
      "size": {
        "0": 236.8000030517578,
        "1": 106
      },
      "flags": {},
      "order": 11,
      "mode": 0,
      "inputs": [
        {
          "name": "noise",
          "type": "NOISE",
          "link": 37,
          "slot_index": 0
        },
        {
          "name": "guider",
          "type": "GUIDER",
          "link": 30,
          "slot_index": 1
        },
        {
          "name": "sampler",
          "type": "SAMPLER",
          "link": 19,
          "slot_index": 2
        },
        {
          "name": "sigmas",
          "type": "SIGMAS",
          "link": 83,
          "slot_index": 3
        },
        {
          "name": "latent_image",
          "type": "LATENT",
          "link": 101,
          "slot_index": 4
        }
      ],
      "outputs": [
        {
          "name": "output",
          "type": "LATENT",
          "links": [],
          "shape": 3,
          "slot_index": 0
        },
        {
          "name": "denoised_output",
          "type": "LATENT",
          "links": [
            148
          ],
          "shape": 3,
          "slot_index": 1
        }
      ],
      "properties": {
        "Node name for S&R": "SamplerCustomAdvanced"
      }
    },
    {
      "id": 16,
      "type": "KSamplerSelect",
      "pos": [
        1060,
        330
      ],
      "size": {
        "0": 219.2825164794922,
        "1": 58
      },
      "flags": {},
      "order": 0,
      "mode": 0,
      "outputs": [
        {
          "name": "SAMPLER",
          "type": "SAMPLER",
          "links": [
            19
          ],
          "shape": 3
        }
      ],
      "properties": {
        "Node name for S&R": "KSamplerSelect"
      },
      "widgets_values": [
        "euler"
      ]
    },
    {
      "id": 12,
      "type": "UNETLoader",
      "pos": [
        290,
        330
      ],
      "size": {
        "0": 229.8605194091797,
        "1": 82
      },
      "flags": {},
      "order": 1,
      "mode": 0,
      "outputs": [
        {
          "name": "MODEL",
          "type": "MODEL",
          "links": [
            85
          ],
          "shape": 3,
          "slot_index": 0
        }
      ],
      "properties": {
        "Node name for S&R": "UNETLoader"
      },
      "widgets_values": [
        "flux1-dev.sft",
        "fp8_e4m3fn"
      ]
    },
    {
      "id": 10,
      "type": "VAELoader",
      "pos": [
        1433,
        439
      ],
      "size": {
        "0": 210,
        "1": 58
      },
      "flags": {},
      "order": 2,
      "mode": 0,
      "outputs": [
        {
          "name": "VAE",
          "type": "VAE",
          "links": [
            12
          ],
          "shape": 3,
          "slot_index": 0
        }
      ],
      "properties": {
        "Node name for S&R": "VAELoader"
      },
      "widgets_values": [
        "ae.sft"
      ]
    },
    {
      "id": 48,
      "type": "SDXLEmptyLatentSizePicker+",
      "pos": [
        244,
        478
      ],
      "size": {
        "0": 268.79998779296875,
        "1": 170
      },
      "flags": {},
      "order": 3,
      "mode": 0,
      "outputs": [
        {
          "name": "LATENT",
          "type": "LATENT",
          "links": [
            100
          ],
          "shape": 3,
          "slot_index": 0
        },
        {
          "name": "width",
          "type": "INT",
          "links": [
            98
          ],
          "shape": 3,
          "slot_index": 1
        },
        {
          "name": "height",
          "type": "INT",
          "links": [
            99
          ],
          "shape": 3,
          "slot_index": 2
        }
      ],
      "properties": {
        "Node name for S&R": "SDXLEmptyLatentSizePicker+"
      },
      "widgets_values": [
        "896x1088 (0.82)",
        1,
        0,
        0
      ]
    },
    {
      "id": 8,
      "type": "VAEDecode",
      "pos": [
        1712,
        316
      ],
      "size": {
        "0": 140,
        "1": 46
      },
      "flags": {},
      "order": 12,
      "mode": 0,
      "inputs": [
        {
          "name": "samples",
          "type": "LATENT",
          "link": 148
        },
        {
          "name": "vae",
          "type": "VAE",
          "link": 12
        }
      ],
      "outputs": [
        {
          "name": "IMAGE",
          "type": "IMAGE",
          "links": [
            96
          ],
          "slot_index": 0
        }
      ],
      "properties": {
        "Node name for S&R": "VAEDecode"
      }
    },
    {
      "id": 17,
      "type": "BasicScheduler",
      "pos": [
        1070,
        450
      ],
      "size": {
        "0": 210,
        "1": 106
      },
      "flags": {},
      "order": 9,
      "mode": 0,
      "inputs": [
        {
          "name": "model",
          "type": "MODEL",
          "link": 153,
          "slot_index": 0
        }
      ],
      "outputs": [
        {
          "name": "SIGMAS",
          "type": "SIGMAS",
          "links": [
            83
          ],
          "shape": 3,
          "slot_index": 0
        }
      ],
      "properties": {
        "Node name for S&R": "BasicScheduler"
      },
      "widgets_values": [
        "beta",
        20,
        1
      ]
    },
    {
      "id": 28,
      "type": "ModelSamplingFlux",
      "pos": [
        742,
        339
      ],
      "size": {
        "0": 210,
        "1": 122
      },
      "flags": {},
      "order": 7,
      "mode": 0,
      "inputs": [
        {
          "name": "model",
          "type": "MODEL",
          "link": 85
        },
        {
          "name": "width",
          "type": "INT",
          "link": 98,
          "widget": {
            "name": "width"
          }
        },
        {
          "name": "height",
          "type": "INT",
          "link": 99,
          "widget": {
            "name": "height"
          }
        }
      ],
      "outputs": [
        {
          "name": "MODEL",
          "type": "MODEL",
          "links": [
            152,
            153
          ],
          "shape": 3,
          "slot_index": 0
        }
      ],
      "properties": {
        "Node name for S&R": "ModelSamplingFlux"
      },
      "widgets_values": [
        1.1,
        0.5,
        1024,
        1024
      ]
    },
    {
      "id": 25,
      "type": "RandomNoise",
      "pos": [
        1060,
        60
      ],
      "size": {
        "0": 210,
        "1": 82
      },
      "flags": {},
      "order": 4,
      "mode": 0,
      "outputs": [
        {
          "name": "NOISE",
          "type": "NOISE",
          "links": [
            37
          ],
          "shape": 3
        }
      ],
      "properties": {
        "Node name for S&R": "RandomNoise"
      },
      "widgets_values": [
        133,
        "fixed"
      ]
    },
    {
      "id": 11,
      "type": "DualCLIPLoader",
      "pos": [
        16,
        -80
      ],
      "size": {
        "0": 210,
        "1": 106
      },
      "flags": {},
      "order": 5,
      "mode": 0,
      "outputs": [
        {
          "name": "CLIP",
          "type": "CLIP",
          "links": [
            194
          ],
          "shape": 3,
          "slot_index": 0
        }
      ],
      "properties": {
        "Node name for S&R": "DualCLIPLoader"
      },
      "widgets_values": [
        "t5xxl_fp16.safetensors",
        "clip_l.safetensors",
        "flux"
      ]
    },
    {
      "id": 87,
      "type": "CLIPTextEncodeFlux",
      "pos": [
        315,
        -206
      ],
      "size": {
        "0": 350.1763610839844,
        "1": 445.4716796875
      },
      "flags": {},
      "order": 8,
      "mode": 0,
      "inputs": [
        {
          "name": "clip",
          "type": "CLIP",
          "link": 194
        }
      ],
      "outputs": [
        {
          "name": "CONDITIONING",
          "type": "CONDITIONING",
          "links": [
            196
          ],
          "shape": 3,
          "slot_index": 0
        }
      ],
      "properties": {
        "Node name for S&R": "CLIPTextEncodeFlux"
      },
      "widgets_values": [
        "fantasy portrait, D&D, 60yo female, thief assassin, dark skin. wearing a light leather armor and a hood. wrinkles, scars, concentrated, looking bottom-up, taunting, strong, dramatic. painting, broad brushstrokes, impasto, abstract, oil paints",
        "the image is an oil painting of a middle-eastern woman in her 60s with dark brown skin and natural salt-and-pepper short hair. It looks like a fantasy portrait of a D&D female character, like a thief or an assassin. She is wearing a light leather armor and a hood.\n\nShe looks concentrated and looking bottom-up to the viewer in a sort of taunting way.\n\nThe style is abstract, painted with broad three-dimensional brushstrokes and impasto technique with oil paints.",
        2.5
      ]
    },
    {
      "id": 26,
      "type": "PreviewImage",
      "pos": [
        1914,
        301
      ],
      "size": {
        "0": 954.7595825195312,
        "1": 1207.169189453125
      },
      "flags": {},
      "order": 13,
      "mode": 0,
      "inputs": [
        {
          "name": "images",
          "type": "IMAGE",
          "link": 96
        }
      ],
      "properties": {
        "Node name for S&R": "PreviewImage"
      }
    }
  ],
  "links": [
    [
      12,
      10,
      0,
      8,
      1,
      "VAE"
    ],
    [
      19,
      16,
      0,
      13,
      2,
      "SAMPLER"
    ],
    [
      30,
      22,
      0,
      13,
      1,
      "GUIDER"
    ],
    [
      37,
      25,
      0,
      13,
      0,
      "NOISE"
    ],
    [
      83,
      17,
      0,
      13,
      3,
      "SIGMAS"
    ],
    [
      85,
      12,
      0,
      28,
      0,
      "MODEL"
    ],
    [
      96,
      8,
      0,
      26,
      0,
      "IMAGE"
    ],
    [
      98,
      48,
      1,
      28,
      1,
      "INT"
    ],
    [
      99,
      48,
      2,
      28,
      2,
      "INT"
    ],
    [
      100,
      48,
      0,
      49,
      0,
      "*"
    ],
    [
      101,
      49,
      0,
      13,
      4,
      "LATENT"
    ],
    [
      148,
      13,
      1,
      8,
      0,
      "LATENT"
    ],
    [
      152,
      28,
      0,
      22,
      0,
      "MODEL"
    ],
    [
      153,
      28,
      0,
      17,
      0,
      "MODEL"
    ],
    [
      194,
      11,
      0,
      87,
      0,
      "CLIP"
    ],
    [
      196,
      87,
      0,
      22,
      1,
      "CONDITIONING"
    ]
  ],
  "groups": [],
  "config": {},
  "extra": {
    "ds": {
      "scale": 0.6303940863128827,
      "offset": [
        62.37297895957986,
        470.5663513877766
      ]
    },
    "groupNodes": {
      "test": {
        "nodes": [
          {
            "type": "PrimitiveNode",
            "pos": [
              88,
              617
            ],
            "size": {
              "0": 210,
              "1": 82
            },
            "flags": {},
            "order": 5,
            "mode": 0,
            "outputs": [
              {
                "name": "INT",
                "type": "INT",
                "links": [],
                "widget": {
                  "name": "width"
                }
              }
            ],
            "title": "width",
            "properties": {
              "Run widget replace on values": false
            },
            "index": 0
          },
          {
            "type": "PrimitiveNode",
            "pos": [
              87,
              745
            ],
            "size": {
              "0": 210,
              "1": 82
            },
            "flags": {},
            "order": 6,
            "mode": 0,
            "outputs": [
              {
                "name": "INT",
                "type": "INT",
                "links": [],
                "widget": {
                  "name": "height"
                }
              }
            ],
            "title": "height",
            "properties": {
              "Run widget replace on values": false
            },
            "index": 1
          },
          {
            "type": "EmptyLatentImage",
            "pos": [
              402,
              596
            ],
            "size": {
              "0": 315,
              "1": 106
            },
            "flags": {},
            "order": 9,
            "mode": 0,
            "inputs": [
              {
                "name": "width",
                "type": "INT",
                "link": null,
                "widget": {
                  "name": "width"
                },
                "slot_index": 0
              },
              {
                "name": "height",
                "type": "INT",
                "link": null,
                "widget": {
                  "name": "height"
                },
                "slot_index": 1
              }
            ],
            "outputs": [
              {
                "name": "LATENT",
                "type": "LATENT",
                "links": [],
                "slot_index": 0
              }
            ],
            "properties": {
              "Node name for S&R": "EmptyLatentImage"
            },
            "widgets_values": [
              1024,
              1024,
              1
            ],
            "index": 2
          }
        ],
        "links": [
          [
            0,
            0,
            2,
            0,
            32,
            "INT"
          ],
          [
            1,
            0,
            2,
            1,
            33,
            "INT"
          ]
        ],
        "external": [
          [
            2,
            0,
            "LATENT"
          ]
        ]
      }
    }
  },
  "version": 0.4
}