{
  "last_node_id": 16,
  "last_link_id": 19,
  "nodes": [
    {
      "id": 12,
      "type": "SD3NegativeConditioning+",
      "pos": [
        1070,
        500
      ],
      "size": {
        "0": 235.1999969482422,
        "1": 58
      },
      "flags": {},
      "order": 6,
      "mode": 0,
      "inputs": [
        {
          "name": "conditioning",
          "type": "CONDITIONING",
          "link": 12
        }
      ],
      "outputs": [
        {
          "name": "CONDITIONING",
          "type": "CONDITIONING",
          "links": [
            13
          ],
          "shape": 3,
          "slot_index": 0
        }
      ],
      "properties": {
        "Node name for S&R": "SD3NegativeConditioning+"
      },
      "widgets_values": [
        0.1
      ]
    },
    {
      "id": 14,
      "type": "ModelSamplingSD3",
      "pos": [
        690,
        60
      ],
      "size": {
        "0": 275.0740966796875,
        "1": 58
      },
      "flags": {},
      "order": 2,
      "mode": 0,
      "inputs": [
        {
          "name": "model",
          "type": "MODEL",
          "link": 14
        }
      ],
      "outputs": [
        {
          "name": "MODEL",
          "type": "MODEL",
          "links": [
            15
          ],
          "shape": 3,
          "slot_index": 0
        }
      ],
      "properties": {
        "Node name for S&R": "ModelSamplingSD3"
      },
      "widgets_values": [
        3
      ]
    },
    {
      "id": 15,
      "type": "Reroute",
      "pos": [
        660,
        920
      ],
      "size": [
        75,
        26
      ],
      "flags": {},
      "order": 5,
      "mode": 0,
      "inputs": [
        {
          "name": "",
          "type": "*",
          "link": 16
        }
      ],
      "outputs": [
        {
          "name": "",
          "type": "VAE",
          "links": [
            18
          ],
          "slot_index": 0
        }
      ],
      "properties": {
        "showOutputText": false,
        "horizontal": false
      }
    },
    {
      "id": 16,
      "type": "Reroute",
      "pos": [
        1630,
        910
      ],
      "size": [
        75,
        26
      ],
      "flags": {},
      "order": 7,
      "mode": 0,
      "inputs": [
        {
          "name": "",
          "type": "*",
          "link": 18
        }
      ],
      "outputs": [
        {
          "name": "",
          "type": "VAE",
          "links": [
            19
          ],
          "slot_index": 0
        }
      ],
      "properties": {
        "showOutputText": false,
        "horizontal": false
      }
    },
    {
      "id": 8,
      "type": "VAEDecode",
      "pos": [
        1860,
        370
      ],
      "size": {
        "0": 140,
        "1": 46
      },
      "flags": {},
      "order": 9,
      "mode": 0,
      "inputs": [
        {
          "name": "samples",
          "type": "LATENT",
          "link": 7
        },
        {
          "name": "vae",
          "type": "VAE",
          "link": 19
        }
      ],
      "outputs": [
        {
          "name": "IMAGE",
          "type": "IMAGE",
          "links": [
            10
          ],
          "slot_index": 0
        }
      ],
      "properties": {
        "Node name for S&R": "VAEDecode"
      }
    },
    {
      "id": 4,
      "type": "CheckpointLoaderSimple",
      "pos": [
        30,
        350
      ],
      "size": {
        "0": 315,
        "1": 98
      },
      "flags": {},
      "order": 0,
      "mode": 0,
      "outputs": [
        {
          "name": "MODEL",
          "type": "MODEL",
          "links": [
            14
          ],
          "slot_index": 0
        },
        {
          "name": "CLIP",
          "type": "CLIP",
          "links": [
            3,
            5
          ],
          "slot_index": 1
        },
        {
          "name": "VAE",
          "type": "VAE",
          "links": [
            16
          ],
          "slot_index": 2
        }
      ],
      "properties": {
        "Node name for S&R": "CheckpointLoaderSimple"
      },
      "widgets_values": [
        "sd3/sd3_medium_incl_clips_t5xxlfp16.safetensors"
      ]
    },
    {
      "id": 6,
      "type": "CLIPTextEncode",
      "pos": [
        600,
        230
      ],
      "size": {
        "0": 422.84503173828125,
        "1": 164.31304931640625
      },
      "flags": {},
      "order": 3,
      "mode": 0,
      "inputs": [
        {
          "name": "clip",
          "type": "CLIP",
          "link": 3
        }
      ],
      "outputs": [
        {
          "name": "CONDITIONING",
          "type": "CONDITIONING",
          "links": [
            4
          ],
          "slot_index": 0
        }
      ],
      "properties": {
        "Node name for S&R": "CLIPTextEncode"
      },
      "widgets_values": [
        "A 50yo female assassin from a fantasy d&d setting, she is middle-eastern of Iranian origins with dark brown skin. The frame shows half body. She is strong, serious, concentrated, and she's looking from the bottom up. Proved by the many battles, with wrinkles and scars on her face.\n\nin the style of impressionism an oil on canvas painting with broad three-dimensional brushstrokes like impasto. The shapes are defined by rough patches of colors. The shapes, shadows and highlights are just suggested giving the painting high dynamism."
      ]
    },
    {
      "id": 7,
      "type": "CLIPTextEncode",
      "pos": [
        600,
        490
      ],
      "size": {
        "0": 425.27801513671875,
        "1": 180.6060791015625
      },
      "flags": {},
      "order": 4,
      "mode": 0,
      "inputs": [
        {
          "name": "clip",
          "type": "CLIP",
          "link": 5
        }
      ],
      "outputs": [
        {
          "name": "CONDITIONING",
          "type": "CONDITIONING",
          "links": [
            12
          ],
          "slot_index": 0
        }
      ],
      "properties": {
        "Node name for S&R": "CLIPTextEncode"
      },
      "widgets_values": [
        "blurry, glitch, artifact, distorted, malformed"
      ]
    },
    {
      "id": 3,
      "type": "KSampler",
      "pos": [
        1430,
        360
      ],
      "size": {
        "0": 315,
        "1": 262
      },
      "flags": {},
      "order": 8,
      "mode": 0,
      "inputs": [
        {
          "name": "model",
          "type": "MODEL",
          "link": 15
        },
        {
          "name": "positive",
          "type": "CONDITIONING",
          "link": 4
        },
        {
          "name": "negative",
          "type": "CONDITIONING",
          "link": 13
        },
        {
          "name": "latent_image",
          "type": "LATENT",
          "link": 11
        }
      ],
      "outputs": [
        {
          "name": "LATENT",
          "type": "LATENT",
          "links": [
            7
          ],
          "slot_index": 0
        }
      ],
      "properties": {
        "Node name for S&R": "KSampler"
      },
      "widgets_values": [
        123,
        "fixed",
        30,
        6.5,
        "dpmpp_2m",
        "sgm_uniform",
        1
      ]
    },
    {
      "id": 10,
      "type": "PreviewImage",
      "pos": [
        1870,
        480
      ],
      "size": {
        "0": 1122.6103515625,
        "1": 1268.8177490234375
      },
      "flags": {},
      "order": 10,
      "mode": 0,
      "inputs": [
        {
          "name": "images",
          "type": "IMAGE",
          "link": 10
        }
      ],
      "properties": {
        "Node name for S&R": "PreviewImage"
      }
    },
    {
      "id": 11,
      "type": "SDXLEmptyLatentSizePicker+",
      "pos": [
        1070,
        740
      ],
      "size": {
        "0": 268.79998779296875,
        "1": 170
      },
      "flags": {},
      "order": 1,
      "mode": 0,
      "outputs": [
        {
          "name": "LATENT",
          "type": "LATENT",
          "links": [
            11
          ],
          "shape": 3,
          "slot_index": 0
        },
        {
          "name": "width",
          "type": "INT",
          "links": null,
          "shape": 3
        },
        {
          "name": "height",
          "type": "INT",
          "links": null,
          "shape": 3
        }
      ],
      "properties": {
        "Node name for S&R": "SDXLEmptyLatentSizePicker+"
      },
      "widgets_values": [
        "1024x1024 (1.0)",
        1,
        0,
        0
      ]
    }
  ],
  "links": [
    [
      3,
      4,
      1,
      6,
      0,
      "CLIP"
    ],
    [
      4,
      6,
      0,
      3,
      1,
      "CONDITIONING"
    ],
    [
      5,
      4,
      1,
      7,
      0,
      "CLIP"
    ],
    [
      7,
      3,
      0,
      8,
      0,
      "LATENT"
    ],
    [
      10,
      8,
      0,
      10,
      0,
      "IMAGE"
    ],
    [
      11,
      11,
      0,
      3,
      3,
      "LATENT"
    ],
    [
      12,
      7,
      0,
      12,
      0,
      "CONDITIONING"
    ],
    [
      13,
      12,
      0,
      3,
      2,
      "CONDITIONING"
    ],
    [
      14,
      4,
      0,
      14,
      0,
      "MODEL"
    ],
    [
      15,
      14,
      0,
      3,
      0,
      "MODEL"
    ],
    [
      16,
      4,
      2,
      15,
      0,
      "*"
    ],
    [
      18,
      15,
      0,
      16,
      0,
      "*"
    ],
    [
      19,
      16,
      0,
      8,
      1,
      "VAE"
    ]
  ],
  "groups": [],
  "config": {},
  "extra": {
    "ds": {
      "scale": 0.6830134553650705,
      "offset": {
        "0": -229.54238669610632,
        "1": 170.1111548194458
      }
    }
  },
  "version": 0.4
}